round,days,K,K_take,K_quote,final_pnl
2,"-1,0,1",7.0,5.5,6.0,57414.0
2,"-1,0,1",7.0,3.0,6.0,57921.0
2,"-1,0,1",7.0,2.5,6.0,57921.0
2,"-1,0,1",7.0,2.0,6.0,57921.0
2,"-1,0,1",7.0,3.5,6.0,57655.0
2,"-1,0,1",7.0,4.0,6.0,57655.0
2,"-1,0,1",7.0,5.0,6.0,57685.0
2,"-1,0,1",7.0,4.5,6.0,57685.0
2,"-1,0,1",7.0,6.0,6.0,57414.0
2,"-1,0,1",7.5,3.0,6.0,58127.0
2,"-1,0,1",7.5,4.0,6.0,57797.0
2,"-1,0,1",7.5,2.0,6.0,58127.0
2,"-1,0,1",7.5,3.5,6.0,57797.0
2,"-1,0,1",7.5,4.5,6.0,57798.0
2,"-1,0,1",7.5,2.5,6.0,58127.0
2,"-1,0,1",7.5,5.0,6.0,57798.0
2,"-1,0,1",7.5,5.5,6.0,57529.0
2,"-1,0,1",7.5,6.0,6.0,57529.0
2,"-1,0,1",8.0,2.0,6.0,58226.0
2,"-1,0,1",8.0,3.5,6.0,57886.0
2,"-1,0,1",8.0,4.5,6.0,57843.0
2,"-1,0,1",8.0,2.5,6.0,58226.0
2,"-1,0,1",8.0,3.0,6.0,58226.0
2,"-1,0,1",8.0,4.0,6.0,57886.0
2,"-1,0,1",8.0,5.0,6.0,57843.0
2,"-1,0,1",8.0,5.5,6.0,57605.0
2,"-1,0,1",8.5,2.0,6.0,58193.0
2,"-1,0,1",8.5,4.0,6.0,57863.0
2,"-1,0,1",8.0,6.0,6.0,57605.0
2,"-1,0,1",8.5,2.5,6.0,58193.0
2,"-1,0,1",8.5,3.0,6.0,58193.0
2,"-1,0,1",8.5,3.5,6.0,57863.0
2,"-1,0,1",8.5,4.5,6.0,57872.0
2,"-1,0,1",8.5,5.0,6.0,57872.0
2,"-1,0,1",8.5,5.5,6.0,57602.0
2,"-1,0,1",9.0,2.0,6.0,58095.0
2,"-1,0,1",9.0,2.5,6.0,58095.0
2,"-1,0,1",8.5,6.0,6.0,57602.0
2,"-1,0,1",9.0,3.0,6.0,58095.0
2,"-1,0,1",9.0,3.5,6.0,57862.0
2,"-1,0,1",9.0,4.0,6.0,57862.0
2,"-1,0,1",9.0,4.5,6.0,57827.0
2,"-1,0,1",9.0,5.0,6.0,57827.0
2,"-1,0,1",9.0,5.5,6.0,57556.0
2,"-1,0,1",9.5,2.0,6.0,58027.0
2,"-1,0,1",9.0,6.0,6.0,57556.0
2,"-1,0,1",9.5,2.5,6.0,58027.0
2,"-1,0,1",9.5,3.0,6.0,58027.0
2,"-1,0,1",9.5,3.5,6.0,57819.0
2,"-1,0,1",9.5,4.5,6.0,57741.0
2,"-1,0,1",9.5,4.0,6.0,57819.0
2,"-1,0,1",9.5,5.0,6.0,57741.0
2,"-1,0,1",9.5,5.5,6.0,57527.0
2,"-1,0,1",9.5,6.0,6.0,57527.0
2,"-1,0,1",10.0,2.0,6.0,57899.0
2,"-1,0,1",10.0,2.5,6.0,57899.0
2,"-1,0,1",10.0,3.0,6.0,57899.0
2,"-1,0,1",10.0,3.5,6.0,57799.0
2,"-1,0,1",10.0,4.0,6.0,57799.0
2,"-1,0,1",10.0,4.5,6.0,57696.0
2,"-1,0,1",10.0,5.0,6.0,57696.0
2,"-1,0,1",10.0,5.5,6.0,57505.0
2,"-1,0,1",10.0,6.0,6.0,57505.0
2,"-1,0,1",7.0,2.0,6.5,58719.0
2,"-1,0,1",7.0,2.5,6.5,58719.0
2,"-1,0,1",7.0,3.0,6.5,58719.0
2,"-1,0,1",7.0,3.5,6.5,58416.0
2,"-1,0,1",7.0,4.0,6.5,58416.0
2,"-1,0,1",7.0,4.5,6.5,58411.0
2,"-1,0,1",7.0,5.0,6.5,58411.0
2,"-1,0,1",7.0,5.5,6.5,58198.0
2,"-1,0,1",7.0,6.0,6.5,58198.0
2,"-1,0,1",7.5,2.0,6.5,58885.0
2,"-1,0,1",7.5,2.5,6.5,58885.0
2,"-1,0,1",7.5,3.0,6.5,58885.0
2,"-1,0,1",7.5,3.5,6.5,58553.0
2,"-1,0,1",7.5,4.0,6.5,58553.0
2,"-1,0,1",7.5,4.5,6.5,58542.0
2,"-1,0,1",7.5,5.0,6.5,58542.0
2,"-1,0,1",7.5,5.5,6.5,58335.0
2,"-1,0,1",7.5,6.0,6.5,58335.0
2,"-1,0,1",8.0,2.0,6.5,58930.0
2,"-1,0,1",8.0,2.5,6.5,58930.0
2,"-1,0,1",8.0,3.0,6.5,58930.0
2,"-1,0,1",8.0,3.5,6.5,58612.0
2,"-1,0,1",8.0,4.0,6.5,58612.0
2,"-1,0,1",8.0,4.5,6.5,58593.0
2,"-1,0,1",8.0,5.0,6.5,58593.0
2,"-1,0,1",8.0,5.5,6.5,58379.0
2,"-1,0,1",8.0,6.0,6.5,58379.0
2,"-1,0,1",8.5,2.0,6.5,58867.0
2,"-1,0,1",8.5,3.0,6.5,58867.0
2,"-1,0,1",8.5,3.5,6.5,58588.0
2,"-1,0,1",8.5,2.5,6.5,58867.0
2,"-1,0,1",8.5,4.0,6.5,58588.0
2,"-1,0,1",8.5,4.5,6.5,58579.0
2,"-1,0,1",8.5,5.0,6.5,58579.0
2,"-1,0,1",8.5,5.5,6.5,58372.0
2,"-1,0,1",8.5,6.0,6.5,58372.0
2,"-1,0,1",9.0,2.0,6.5,58753.0
2,"-1,0,1",9.0,2.5,6.5,58753.0
2,"-1,0,1",9.0,3.0,6.5,58753.0
2,"-1,0,1",9.0,3.5,6.5,58599.0
2,"-1,0,1",9.0,4.0,6.5,58599.0
2,"-1,0,1",9.0,4.5,6.5,58530.0
2,"-1,0,1",9.0,5.0,6.5,58530.0
2,"-1,0,1",9.0,5.5,6.5,58363.0
2,"-1,0,1",9.0,6.0,6.5,58363.0
2,"-1,0,1",9.5,2.0,6.5,58665.0
2,"-1,0,1",9.5,2.5,6.5,58665.0
2,"-1,0,1",9.5,3.0,6.5,58665.0
2,"-1,0,1",9.5,3.5,6.5,58535.0
2,"-1,0,1",9.5,4.0,6.5,58535.0
2,"-1,0,1",9.5,4.5,6.5,58476.0
2,"-1,0,1",9.5,5.0,6.5,58476.0
2,"-1,0,1",9.5,5.5,6.5,58307.0
2,"-1,0,1",10.0,2.0,6.5,58576.0
2,"-1,0,1",9.5,6.0,6.5,58307.0
2,"-1,0,1",10.0,2.5,6.5,58576.0
2,"-1,0,1",10.0,3.0,6.5,58576.0
2,"-1,0,1",10.0,3.5,6.5,58489.0
2,"-1,0,1",10.0,4.0,6.5,58489.0
2,"-1,0,1",10.0,5.0,6.5,58441.0
2,"-1,0,1",10.0,4.5,6.5,58441.0
2,"-1,0,1",10.0,5.5,6.5,58283.0
2,"-1,0,1",10.0,6.0,6.5,58283.0
2,"-1,0,1",7.0,2.0,7.0,58844.0
2,"-1,0,1",7.0,2.5,7.0,58844.0
2,"-1,0,1",7.0,3.0,7.0,58844.0
2,"-1,0,1",7.0,3.5,7.0,58563.0
2,"-1,0,1",7.0,4.0,7.0,58563.0
2,"-1,0,1",7.0,4.5,7.0,58558.0
2,"-1,0,1",7.0,5.0,7.0,58558.0
2,"-1,0,1",7.0,6.0,7.0,58349.0
2,"-1,0,1",7.0,5.5,7.0,58349.0
2,"-1,0,1",7.5,2.0,7.0,59032.0
2,"-1,0,1",7.5,2.5,7.0,59032.0
2,"-1,0,1",7.5,3.0,7.0,59032.0
2,"-1,0,1",7.5,3.5,7.0,58719.0
2,"-1,0,1",7.5,4.0,7.0,58719.0
2,"-1,0,1",7.5,4.5,7.0,58704.0
2,"-1,0,1",7.5,5.0,7.0,58704.0
2,"-1,0,1",7.5,5.5,7.0,58493.0
2,"-1,0,1",7.5,6.0,7.0,58493.0
2,"-1,0,1",8.0,2.5,7.0,59069.0
2,"-1,0,1",8.0,2.0,7.0,59069.0
2,"-1,0,1",8.0,3.5,7.0,58769.0
2,"-1,0,1",8.0,3.0,7.0,59069.0
2,"-1,0,1",8.0,4.0,7.0,58769.0
2,"-1,0,1",8.0,4.5,7.0,58758.0
2,"-1,0,1",8.0,5.0,7.0,58758.0
2,"-1,0,1",8.0,5.5,7.0,58527.0
2,"-1,0,1",8.0,6.0,7.0,58527.0
2,"-1,0,1",8.5,2.5,7.0,59001.0
2,"-1,0,1",8.5,2.0,7.0,59001.0
2,"-1,0,1",8.5,3.0,7.0,59001.0
2,"-1,0,1",8.5,3.5,7.0,58756.0
2,"-1,0,1",8.5,4.0,7.0,58756.0
2,"-1,0,1",8.5,4.5,7.0,58738.0
2,"-1,0,1",8.5,5.0,7.0,58738.0
2,"-1,0,1",8.5,5.5,7.0,58534.0
2,"-1,0,1",8.5,6.0,7.0,58534.0
2,"-1,0,1",9.0,3.0,7.0,58901.0
2,"-1,0,1",9.0,2.5,7.0,58901.0
2,"-1,0,1",9.0,2.0,7.0,58901.0
2,"-1,0,1",9.0,3.5,7.0,58772.0
2,"-1,0,1",9.0,4.0,7.0,58772.0
2,"-1,0,1",9.0,4.5,7.0,58705.0
2,"-1,0,1",9.0,5.0,7.0,58705.0
2,"-1,0,1",9.0,5.5,7.0,58533.0
2,"-1,0,1",9.5,2.0,7.0,58820.0
2,"-1,0,1",9.0,6.0,7.0,58533.0
2,"-1,0,1",9.5,2.5,7.0,58820.0
2,"-1,0,1",9.5,3.0,7.0,58820.0
2,"-1,0,1",9.5,3.5,7.0,58706.0
2,"-1,0,1",9.5,4.0,7.0,58706.0
2,"-1,0,1",9.5,4.5,7.0,58649.0
2,"-1,0,1",9.5,5.0,7.0,58649.0
2,"-1,0,1",9.5,6.0,7.0,58489.0
2,"-1,0,1",9.5,5.5,7.0,58489.0
2,"-1,0,1",10.0,2.0,7.0,58728.0
2,"-1,0,1",10.0,2.5,7.0,58728.0
2,"-1,0,1",10.0,3.0,7.0,58728.0
2,"-1,0,1",10.0,3.5,7.0,58659.0
2,"-1,0,1",10.0,4.0,7.0,58659.0
2,"-1,0,1",10.0,4.5,7.0,58607.0
2,"-1,0,1",10.0,5.0,7.0,58607.0
2,"-1,0,1",10.0,5.5,7.0,58466.0
2,"-1,0,1",10.0,6.0,7.0,58466.0
2,"-1,0,1",7.0,2.5,7.5,59336.0
2,"-1,0,1",7.0,2.0,7.5,59336.0
2,"-1,0,1",7.0,3.0,7.5,59336.0
2,"-1,0,1",7.0,3.5,7.5,59077.0
2,"-1,0,1",7.0,4.0,7.5,59077.0
2,"-1,0,1",7.0,4.5,7.5,59075.0
2,"-1,0,1",7.0,5.0,7.5,59075.0
2,"-1,0,1",7.0,5.5,7.5,58860.0
2,"-1,0,1",7.0,6.0,7.5,58860.0
2,"-1,0,1",7.5,2.0,7.5,59503.0
2,"-1,0,1",7.5,2.5,7.5,59503.0
2,"-1,0,1",7.5,3.0,7.5,59503.0
2,"-1,0,1",7.5,3.5,7.5,59188.0
2,"-1,0,1",7.5,4.0,7.5,59188.0
2,"-1,0,1",7.5,4.5,7.5,59189.0
2,"-1,0,1",7.5,5.0,7.5,59189.0
2,"-1,0,1",7.5,5.5,7.5,58988.0
2,"-1,0,1",7.5,6.0,7.5,58988.0
2,"-1,0,1",8.0,2.0,7.5,59510.0
2,"-1,0,1",8.0,2.5,7.5,59510.0
2,"-1,0,1",8.0,3.5,7.5,59233.0
2,"-1,0,1",8.0,3.0,7.5,59510.0
2,"-1,0,1",8.0,4.0,7.5,59233.0
2,"-1,0,1",8.0,4.5,7.5,59205.0
2,"-1,0,1",8.0,5.0,7.5,59205.0
2,"-1,0,1",8.0,5.5,7.5,58992.0
2,"-1,0,1",8.0,6.0,7.5,58992.0
2,"-1,0,1",8.5,2.0,7.5,59469.0
2,"-1,0,1",8.5,3.0,7.5,59469.0
2,"-1,0,1",8.5,2.5,7.5,59469.0
2,"-1,0,1",8.5,3.5,7.5,59200.0
2,"-1,0,1",8.5,4.0,7.5,59200.0
2,"-1,0,1",8.5,4.5,7.5,59147.0
2,"-1,0,1",8.5,5.0,7.5,59147.0
2,"-1,0,1",8.5,5.5,7.5,58934.0
2,"-1,0,1",8.5,6.0,7.5,58934.0
2,"-1,0,1",9.0,2.0,7.5,59351.0
2,"-1,0,1",9.0,2.5,7.5,59351.0
2,"-1,0,1",9.0,3.0,7.5,59351.0
2,"-1,0,1",9.0,3.5,7.5,59198.0
2,"-1,0,1",9.0,4.0,7.5,59198.0
2,"-1,0,1",9.0,4.5,7.5,59104.0
2,"-1,0,1",9.0,5.0,7.5,59104.0
2,"-1,0,1",9.0,5.5,7.5,58919.0
2,"-1,0,1",9.5,2.0,7.5,59211.0
2,"-1,0,1",9.0,6.0,7.5,58919.0
2,"-1,0,1",9.5,2.5,7.5,59211.0
2,"-1,0,1",9.5,3.0,7.5,59211.0
2,"-1,0,1",9.5,3.5,7.5,59095.0
2,"-1,0,1",9.5,4.0,7.5,59095.0
2,"-1,0,1",9.5,4.5,7.5,58999.0
2,"-1,0,1",9.5,5.0,7.5,58999.0
2,"-1,0,1",9.5,5.5,7.5,58845.0
2,"-1,0,1",9.5,6.0,7.5,58845.0
2,"-1,0,1",10.0,2.0,7.5,59062.0
2,"-1,0,1",10.0,2.5,7.5,59062.0
2,"-1,0,1",10.0,3.0,7.5,59062.0
2,"-1,0,1",10.0,3.5,7.5,58963.0
2,"-1,0,1",10.0,4.0,7.5,58963.0
2,"-1,0,1",10.0,4.5,7.5,58921.0
2,"-1,0,1",10.0,5.0,7.5,58921.0
2,"-1,0,1",10.0,5.5,7.5,58821.0
2,"-1,0,1",10.0,6.0,7.5,58821.0
2,"-1,0,1",7.0,2.0,8.0,59336.0
2,"-1,0,1",7.0,2.5,8.0,59336.0
2,"-1,0,1",7.0,3.0,8.0,59336.0
2,"-1,0,1",7.0,3.5,8.0,59077.0
2,"-1,0,1",7.0,4.0,8.0,59077.0
2,"-1,0,1",7.0,4.5,8.0,59075.0
2,"-1,0,1",7.0,5.0,8.0,59075.0
2,"-1,0,1",7.0,6.0,8.0,58860.0
2,"-1,0,1",7.0,5.5,8.0,58860.0
2,"-1,0,1",7.5,2.0,8.0,59503.0
2,"-1,0,1",7.5,2.5,8.0,59503.0
2,"-1,0,1",7.5,3.0,8.0,59503.0
2,"-1,0,1",7.5,3.5,8.0,59188.0
2,"-1,0,1",7.5,4.5,8.0,59189.0
2,"-1,0,1",7.5,4.0,8.0,59188.0
2,"-1,0,1",7.5,5.0,8.0,59189.0
2,"-1,0,1",7.5,5.5,8.0,58988.0
2,"-1,0,1",7.5,6.0,8.0,58988.0
2,"-1,0,1",8.0,2.0,8.0,59510.0
2,"-1,0,1",8.0,2.5,8.0,59510.0
2,"-1,0,1",8.0,3.0,8.0,59510.0
2,"-1,0,1",8.0,3.5,8.0,59233.0
2,"-1,0,1",8.0,4.0,8.0,59233.0
2,"-1,0,1",8.0,4.5,8.0,59205.0
2,"-1,0,1",8.0,5.0,8.0,59205.0
2,"-1,0,1",8.0,5.5,8.0,58992.0
2,"-1,0,1",8.0,6.0,8.0,58992.0
2,"-1,0,1",8.5,2.0,8.0,59469.0
2,"-1,0,1",8.5,2.5,8.0,59469.0
2,"-1,0,1",8.5,3.0,8.0,59469.0
2,"-1,0,1",8.5,3.5,8.0,59200.0
2,"-1,0,1",8.5,4.5,8.0,59147.0
2,"-1,0,1",8.5,4.0,8.0,59200.0
2,"-1,0,1",8.5,5.0,8.0,59147.0
2,"-1,0,1",8.5,5.5,8.0,58934.0
2,"-1,0,1",8.5,6.0,8.0,58934.0
2,"-1,0,1",9.0,2.0,8.0,59351.0
2,"-1,0,1",9.0,2.5,8.0,59351.0
2,"-1,0,1",9.0,3.0,8.0,59351.0
2,"-1,0,1",9.0,3.5,8.0,59198.0
2,"-1,0,1",9.0,4.5,8.0,59104.0
2,"-1,0,1",9.0,4.0,8.0,59198.0
2,"-1,0,1",9.0,5.0,8.0,59104.0
2,"-1,0,1",9.0,5.5,8.0,58919.0
2,"-1,0,1",9.0,6.0,8.0,58919.0
2,"-1,0,1",9.5,2.5,8.0,59211.0
2,"-1,0,1",9.5,3.0,8.0,59211.0
2,"-1,0,1",9.5,2.0,8.0,59211.0
2,"-1,0,1",9.5,4.0,8.0,59095.0
2,"-1,0,1",9.5,3.5,8.0,59095.0
2,"-1,0,1",9.5,4.5,8.0,58999.0
2,"-1,0,1",9.5,5.0,8.0,58999.0
2,"-1,0,1",9.5,5.5,8.0,58845.0
2,"-1,0,1",9.5,6.0,8.0,58845.0
2,"-1,0,1",10.0,2.0,8.0,59062.0
2,"-1,0,1",10.0,2.5,8.0,59062.0
2,"-1,0,1",10.0,3.0,8.0,59062.0
2,"-1,0,1",10.0,3.5,8.0,58963.0
2,"-1,0,1",10.0,4.0,8.0,58963.0
2,"-1,0,1",10.0,4.5,8.0,58921.0
2,"-1,0,1",10.0,5.0,8.0,58921.0
2,"-1,0,1",10.0,5.5,8.0,58821.0
2,"-1,0,1",10.0,6.0,8.0,58821.0
2,"-1,0,1",7.0,2.0,8.5,59471.0
2,"-1,0,1",7.0,2.5,8.5,59471.0
2,"-1,0,1",7.0,3.0,8.5,59471.0
2,"-1,0,1",7.0,3.5,8.5,59213.0
2,"-1,0,1",7.0,4.0,8.5,59213.0
2,"-1,0,1",7.0,5.0,8.5,59211.0
2,"-1,0,1",7.0,4.5,8.5,59211.0
2,"-1,0,1",7.0,5.5,8.5,58987.0
2,"-1,0,1",7.0,6.0,8.5,58987.0
2,"-1,0,1",7.5,2.0,8.5,59633.0
2,"-1,0,1",7.5,2.5,8.5,59633.0
2,"-1,0,1",7.5,3.0,8.5,59633.0
2,"-1,0,1",7.5,3.5,8.5,59338.0
2,"-1,0,1",7.5,4.0,8.5,59338.0
2,"-1,0,1",7.5,4.5,8.5,59321.0
2,"-1,0,1",7.5,5.0,8.5,59321.0
2,"-1,0,1",7.5,5.5,8.5,59113.0
2,"-1,0,1",7.5,6.0,8.5,59113.0
2,"-1,0,1",8.0,2.0,8.5,59640.0
2,"-1,0,1",8.0,2.5,8.5,59640.0
2,"-1,0,1",8.0,3.0,8.5,59640.0
2,"-1,0,1",8.0,3.5,8.5,59371.0
2,"-1,0,1",8.0,4.0,8.5,59371.0
2,"-1,0,1",8.0,4.5,8.5,59337.0
2,"-1,0,1",8.0,5.0,8.5,59337.0
2,"-1,0,1",8.0,5.5,8.5,59119.0
2,"-1,0,1",8.0,6.0,8.5,59119.0
2,"-1,0,1",8.5,2.0,8.5,59601.0
2,"-1,0,1",8.5,2.5,8.5,59601.0
2,"-1,0,1",8.5,3.5,8.5,59346.0
2,"-1,0,1",8.5,3.0,8.5,59601.0
2,"-1,0,1",8.5,4.5,8.5,59284.0
2,"-1,0,1",8.5,4.0,8.5,59346.0
2,"-1,0,1",8.5,5.5,8.5,59064.0
2,"-1,0,1",8.5,5.0,8.5,59284.0
2,"-1,0,1",8.5,6.0,8.5,59064.0
2,"-1,0,1",9.0,2.0,8.5,59490.0
2,"-1,0,1",9.0,2.5,8.5,59490.0
2,"-1,0,1",9.0,3.0,8.5,59490.0
2,"-1,0,1",9.0,3.5,8.5,59349.0
2,"-1,0,1",9.0,4.0,8.5,59349.0
2,"-1,0,1",9.0,5.0,8.5,59247.0
2,"-1,0,1",9.0,4.5,8.5,59247.0
2,"-1,0,1",9.0,5.5,8.5,59052.0
2,"-1,0,1",9.0,6.0,8.5,59052.0
2,"-1,0,1",9.5,2.0,8.5,59360.0
2,"-1,0,1",9.5,2.5,8.5,59360.0
2,"-1,0,1",9.5,3.0,8.5,59360.0
2,"-1,0,1",9.5,3.5,8.5,59258.0
2,"-1,0,1",9.5,4.0,8.5,59258.0
2,"-1,0,1",9.5,4.5,8.5,59155.0
2,"-1,0,1",9.5,5.0,8.5,59155.0
2,"-1,0,1",9.5,5.5,8.5,58992.0
2,"-1,0,1",9.5,6.0,8.5,58992.0
2,"-1,0,1",10.0,2.0,8.5,59207.0
2,"-1,0,1",10.0,2.5,8.5,59207.0
2,"-1,0,1",10.0,3.0,8.5,59207.0
2,"-1,0,1",10.0,3.5,8.5,59117.0
2,"-1,0,1",10.0,4.0,8.5,59117.0
2,"-1,0,1",10.0,4.5,8.5,59073.0
2,"-1,0,1",10.0,5.0,8.5,59073.0
2,"-1,0,1",10.0,5.5,8.5,58963.0
2,"-1,0,1",10.0,6.0,8.5,58963.0
2,"-1,0,1",7.0,2.0,9.0,59471.0
2,"-1,0,1",7.0,2.5,9.0,59471.0
2,"-1,0,1",7.0,3.0,9.0,59471.0
2,"-1,0,1",7.0,3.5,9.0,59213.0
2,"-1,0,1",7.0,4.0,9.0,59213.0
2,"-1,0,1",7.0,4.5,9.0,59211.0
2,"-1,0,1",7.0,5.0,9.0,59211.0
2,"-1,0,1",7.0,5.5,9.0,58987.0
2,"-1,0,1",7.0,6.0,9.0,58987.0
2,"-1,0,1",7.5,2.0,9.0,59633.0
2,"-1,0,1",7.5,2.5,9.0,59633.0
2,"-1,0,1",7.5,3.0,9.0,59633.0
2,"-1,0,1",7.5,3.5,9.0,59338.0
2,"-1,0,1",7.5,4.0,9.0,59338.0
2,"-1,0,1",7.5,4.5,9.0,59321.0
2,"-1,0,1",7.5,5.0,9.0,59321.0
2,"-1,0,1",7.5,5.5,9.0,59113.0
2,"-1,0,1",7.5,6.0,9.0,59113.0
2,"-1,0,1",8.0,2.0,9.0,59640.0
2,"-1,0,1",8.0,2.5,9.0,59640.0
2,"-1,0,1",8.0,3.0,9.0,59640.0
2,"-1,0,1",8.0,3.5,9.0,59371.0
2,"-1,0,1",8.0,4.0,9.0,59371.0
2,"-1,0,1",8.0,4.5,9.0,59337.0
2,"-1,0,1",8.0,5.0,9.0,59337.0
2,"-1,0,1",8.0,5.5,9.0,59119.0
2,"-1,0,1",8.0,6.0,9.0,59119.0
2,"-1,0,1",8.5,2.0,9.0,59601.0
2,"-1,0,1",8.5,2.5,9.0,59601.0
2,"-1,0,1",8.5,3.0,9.0,59601.0
2,"-1,0,1",8.5,3.5,9.0,59346.0
2,"-1,0,1",8.5,4.0,9.0,59346.0
2,"-1,0,1",8.5,4.5,9.0,59284.0
2,"-1,0,1",8.5,5.0,9.0,59284.0
2,"-1,0,1",8.5,5.5,9.0,59064.0
2,"-1,0,1",8.5,6.0,9.0,59064.0
2,"-1,0,1",9.0,2.0,9.0,59490.0
2,"-1,0,1",9.0,2.5,9.0,59490.0
2,"-1,0,1",9.0,3.0,9.0,59490.0
2,"-1,0,1",9.0,3.5,9.0,59349.0
2,"-1,0,1",9.0,4.0,9.0,59349.0
2,"-1,0,1",9.0,4.5,9.0,59247.0
2,"-1,0,1",9.0,5.0,9.0,59247.0
2,"-1,0,1",9.0,5.5,9.0,59052.0
2,"-1,0,1",9.0,6.0,9.0,59052.0
2,"-1,0,1",9.5,2.0,9.0,59360.0
2,"-1,0,1",9.5,2.5,9.0,59360.0
2,"-1,0,1",9.5,3.5,9.0,59258.0
2,"-1,0,1",9.5,3.0,9.0,59360.0
2,"-1,0,1",9.5,4.0,9.0,59258.0
2,"-1,0,1",9.5,4.5,9.0,59155.0
2,"-1,0,1",9.5,5.0,9.0,59155.0
2,"-1,0,1",9.5,5.5,9.0,58992.0
2,"-1,0,1",9.5,6.0,9.0,58992.0
2,"-1,0,1",10.0,2.0,9.0,59207.0
2,"-1,0,1",10.0,2.5,9.0,59207.0
2,"-1,0,1",10.0,3.0,9.0,59207.0
2,"-1,0,1",10.0,3.5,9.0,59117.0
2,"-1,0,1",10.0,4.0,9.0,59117.0
2,"-1,0,1",10.0,4.5,9.0,59073.0
2,"-1,0,1",10.0,5.0,9.0,59073.0
2,"-1,0,1",10.0,5.5,9.0,58963.0
2,"-1,0,1",10.0,6.0,9.0,58963.0
2,"-1,0,1",7.0,2.0,9.5,59471.0
2,"-1,0,1",7.0,2.5,9.5,59471.0
2,"-1,0,1",7.0,3.0,9.5,59471.0
2,"-1,0,1",7.0,3.5,9.5,59213.0
2,"-1,0,1",7.0,4.0,9.5,59213.0
2,"-1,0,1",7.0,4.5,9.5,59211.0
2,"-1,0,1",7.0,5.0,9.5,59211.0
2,"-1,0,1",7.0,5.5,9.5,58987.0
2,"-1,0,1",7.0,6.0,9.5,58987.0
2,"-1,0,1",7.5,2.0,9.5,59633.0
2,"-1,0,1",7.5,2.5,9.5,59633.0
2,"-1,0,1",7.5,3.0,9.5,59633.0
2,"-1,0,1",7.5,3.5,9.5,59338.0
2,"-1,0,1",7.5,4.0,9.5,59338.0
2,"-1,0,1",7.5,4.5,9.5,59321.0
2,"-1,0,1",7.5,5.0,9.5,59321.0
2,"-1,0,1",7.5,5.5,9.5,59113.0
2,"-1,0,1",7.5,6.0,9.5,59113.0
2,"-1,0,1",8.0,2.0,9.5,59640.0
2,"-1,0,1",8.0,2.5,9.5,59640.0
2,"-1,0,1",8.0,3.0,9.5,59640.0
2,"-1,0,1",8.0,3.5,9.5,59371.0
2,"-1,0,1",8.0,4.0,9.5,59371.0
2,"-1,0,1",8.0,4.5,9.5,59337.0
2,"-1,0,1",8.0,5.0,9.5,59337.0
2,"-1,0,1",8.0,5.5,9.5,59119.0
2,"-1,0,1",8.0,6.0,9.5,59119.0
2,"-1,0,1",8.5,2.0,9.5,59601.0
2,"-1,0,1",8.5,2.5,9.5,59601.0
2,"-1,0,1",8.5,3.0,9.5,59601.0
2,"-1,0,1",8.5,3.5,9.5,59346.0
2,"-1,0,1",8.5,4.0,9.5,59346.0
2,"-1,0,1",8.5,4.5,9.5,59284.0
2,"-1,0,1",8.5,5.0,9.5,59284.0
2,"-1,0,1",8.5,5.5,9.5,59064.0
2,"-1,0,1",8.5,6.0,9.5,59064.0
2,"-1,0,1",9.0,2.0,9.5,59490.0
2,"-1,0,1",9.0,2.5,9.5,59490.0
2,"-1,0,1",9.0,3.0,9.5,59490.0
2,"-1,0,1",9.0,3.5,9.5,59349.0
2,"-1,0,1",9.0,4.0,9.5,59349.0
2,"-1,0,1",9.0,4.5,9.5,59247.0
2,"-1,0,1",9.0,5.0,9.5,59247.0
2,"-1,0,1",9.0,5.5,9.5,59052.0
2,"-1,0,1",9.0,6.0,9.5,59052.0
2,"-1,0,1",9.5,2.0,9.5,59360.0
2,"-1,0,1",9.5,2.5,9.5,59360.0
2,"-1,0,1",9.5,3.0,9.5,59360.0
2,"-1,0,1",9.5,3.5,9.5,59258.0
2,"-1,0,1",9.5,4.0,9.5,59258.0
2,"-1,0,1",9.5,4.5,9.5,59155.0
2,"-1,0,1",9.5,5.0,9.5,59155.0
2,"-1,0,1",9.5,5.5,9.5,58992.0
2,"-1,0,1",9.5,6.0,9.5,58992.0
2,"-1,0,1",10.0,2.5,9.5,59207.0
2,"-1,0,1",10.0,2.0,9.5,59207.0
2,"-1,0,1",10.0,3.0,9.5,59207.0
2,"-1,0,1",10.0,3.5,9.5,59117.0
2,"-1,0,1",10.0,4.0,9.5,59117.0
2,"-1,0,1",10.0,4.5,9.5,59073.0
2,"-1,0,1",10.0,5.0,9.5,59073.0
2,"-1,0,1",10.0,5.5,9.5,58963.0
2,"-1,0,1",7.0,2.5,10.0,59471.0
2,"-1,0,1",10.0,6.0,9.5,58963.0
2,"-1,0,1",7.0,2.0,10.0,59471.0
2,"-1,0,1",7.0,3.0,10.0,59471.0
2,"-1,0,1",7.0,3.5,10.0,59213.0
2,"-1,0,1",7.0,4.0,10.0,59213.0
2,"-1,0,1",7.0,4.5,10.0,59211.0
2,"-1,0,1",7.0,5.0,10.0,59211.0
2,"-1,0,1",7.0,5.5,10.0,58987.0
2,"-1,0,1",7.0,6.0,10.0,58987.0
2,"-1,0,1",7.5,2.0,10.0,59633.0
2,"-1,0,1",7.5,2.5,10.0,59633.0
2,"-1,0,1",7.5,3.0,10.0,59633.0
2,"-1,0,1",7.5,3.5,10.0,59338.0
2,"-1,0,1",7.5,4.0,10.0,59338.0
2,"-1,0,1",7.5,4.5,10.0,59321.0
2,"-1,0,1",7.5,5.0,10.0,59321.0
2,"-1,0,1",7.5,5.5,10.0,59113.0
2,"-1,0,1",7.5,6.0,10.0,59113.0
2,"-1,0,1",8.0,2.0,10.0,59640.0
2,"-1,0,1",8.0,2.5,10.0,59640.0
2,"-1,0,1",8.0,3.0,10.0,59640.0
2,"-1,0,1",8.0,3.5,10.0,59371.0
2,"-1,0,1",8.0,4.0,10.0,59371.0
2,"-1,0,1",8.0,4.5,10.0,59337.0
2,"-1,0,1",8.0,5.0,10.0,59337.0
2,"-1,0,1",8.0,5.5,10.0,59119.0
2,"-1,0,1",8.0,6.0,10.0,59119.0
2,"-1,0,1",8.5,2.0,10.0,59601.0
2,"-1,0,1",8.5,2.5,10.0,59601.0
2,"-1,0,1",8.5,3.0,10.0,59601.0
2,"-1,0,1",8.5,3.5,10.0,59346.0
2,"-1,0,1",8.5,4.0,10.0,59346.0
2,"-1,0,1",8.5,4.5,10.0,59284.0
2,"-1,0,1",8.5,5.0,10.0,59284.0
2,"-1,0,1",8.5,5.5,10.0,59064.0
2,"-1,0,1",8.5,6.0,10.0,59064.0
2,"-1,0,1",9.0,2.0,10.0,59490.0
2,"-1,0,1",9.0,2.5,10.0,59490.0
2,"-1,0,1",9.0,3.5,10.0,59349.0
2,"-1,0,1",9.0,3.0,10.0,59490.0
2,"-1,0,1",9.0,4.0,10.0,59349.0
2,"-1,0,1",9.0,4.5,10.0,59247.0
2,"-1,0,1",9.0,5.0,10.0,59247.0
2,"-1,0,1",9.0,5.5,10.0,59052.0
2,"-1,0,1",9.0,6.0,10.0,59052.0
2,"-1,0,1",9.5,2.0,10.0,59360.0
2,"-1,0,1",9.5,2.5,10.0,59360.0
2,"-1,0,1",9.5,3.0,10.0,59360.0
2,"-1,0,1",9.5,3.5,10.0,59258.0
2,"-1,0,1",9.5,4.0,10.0,59258.0
2,"-1,0,1",9.5,4.5,10.0,59155.0
2,"-1,0,1",9.5,5.0,10.0,59155.0
2,"-1,0,1",9.5,5.5,10.0,58992.0
2,"-1,0,1",9.5,6.0,10.0,58992.0
2,"-1,0,1",10.0,2.5,10.0,59207.0
2,"-1,0,1",10.0,2.0,10.0,59207.0
2,"-1,0,1",10.0,3.0,10.0,59207.0
2,"-1,0,1",10.0,3.5,10.0,59117.0
2,"-1,0,1",10.0,4.0,10.0,59117.0
2,"-1,0,1",10.0,4.5,10.0,59073.0
2,"-1,0,1",10.0,5.0,10.0,59073.0
2,"-1,0,1",10.0,5.5,10.0,58963.0
2,"-1,0,1",10.0,6.0,10.0,58963.0
